Index,HPD,WW,Instrumentalist,Composer,Anxiety,Depression,Insomnia,OCD,total_score,JHPD
0,3.0,Yes,Yes,Yes,3.0,0.0,1.0,0.0,4.0,2.9807618337149635
1,1.5,Yes,No,No,7.0,2.0,2.0,1.0,12.0,1.412906683801844
2,4.0,No,No,No,7.0,7.0,10.0,2.0,26.0,3.9094962151281245
3,2.5,Yes,No,Yes,9.0,7.0,3.0,3.0,22.0,2.4194544112377585
4,4.0,Yes,No,No,7.0,2.0,5.0,9.0,23.0,4.026056096361785
5,5.0,Yes,Yes,Yes,8.0,8.0,7.0,7.0,30.0,4.9091088604831254
6,3.0,Yes,Yes,No,4.0,8.0,6.0,0.0,18.0,2.9807774956829998
7,1.0,Yes,No,No,5.0,3.0,5.0,3.0,16.0,1.0070725871621822
8,6.0,Yes,No,No,2.0,0.0,0.0,0.0,2.0,6.055411529668523
9,1.0,Yes,No,No,2.0,2.0,5.0,1.0,10.0,0.9066485649090404
10,3.0,Yes,Yes,No,7.0,7.0,4.0,7.0,25.0,3.0967226757757995
11,8.0,Yes,No,No,1.0,0.0,0.0,1.0,2.0,7.969466102601348
12,3.0,Yes,No,No,9.0,3.0,2.0,7.0,21.0,3.044885671059449
13,2.0,Yes,No,No,2.0,1.0,2.0,0.0,5.0,2.0912782017516047
14,4.0,Yes,Yes,No,6.0,4.0,7.0,0.0,17.0,3.957782628323155
15,2.0,No,No,No,7.0,5.0,4.0,1.0,17.0,1.9463166824817297
16,8.0,Yes,No,No,8.0,8.0,4.0,3.0,23.0,7.9154119979220665
17,12.0,Yes,No,Yes,5.0,7.0,10.0,0.0,22.0,11.987401660478433
18,24.0,Yes,No,No,7.0,5.0,0.0,3.0,15.0,23.958714131078803
19,3.0,No,No,No,7.0,3.0,0.0,2.0,12.0,3.0646220496291776
20,8.0,Yes,No,No,6.0,9.0,3.0,0.0,18.0,8.036327259690104
21,4.0,Yes,No,No,10.0,10.0,2.0,4.0,26.0,4.031615967905597
22,5.0,Yes,No,No,6.0,7.0,5.0,4.0,22.0,5.008894173385071
23,2.0,Yes,No,No,3.0,3.0,8.0,6.0,20.0,2.0345877981535323
24,3.0,Yes,Yes,Yes,10.0,6.0,8.0,10.0,34.0,2.997539455234858
25,2.0,No,No,No,7.0,4.0,2.0,5.0,18.0,2.0788239055857867
26,12.0,Yes,Yes,Yes,8.0,6.0,10.0,5.0,29.0,12.030755294213078
27,6.0,Yes,Yes,Yes,3.0,2.0,1.0,2.0,8.0,5.9675296687743815
28,2.0,Yes,Yes,No,6.0,6.0,4.0,5.0,21.0,1.9811316750100807
29,1.0,Yes,No,No,8.0,2.0,1.0,5.0,16.0,0.9463178153055192
30,5.0,Yes,Yes,No,7.0,7.0,2.0,0.0,16.0,5.065637320634521
31,2.0,Yes,No,No,4.0,4.0,4.0,3.0,15.0,2.019070930014114
32,6.0,Yes,Yes,No,9.0,8.0,2.0,3.0,22.0,6.024041049083465
33,4.0,No,No,No,5.0,6.0,6.0,1.0,18.0,3.951441756371122
34,1.0,Yes,No,No,0.0,0.0,0.0,0.0,0.0,1.030478885885063
35,5.0,Yes,Yes,No,3.0,2.0,1.0,1.0,7.0,5.086867396497312
36,4.0,Yes,No,No,6.0,8.0,0.0,2.0,16.0,3.9719288608158805
37,3.0,Yes,No,No,2.0,0.0,4.0,0.0,6.0,2.949934098021083
38,0.5,No,No,No,9.0,8.0,1.0,0.0,18.0,0.4582409304738919
39,4.0,Yes,No,No,7.0,2.0,8.0,6.0,23.0,4.05310402364165
40,2.0,Yes,Yes,Yes,4.0,2.0,3.0,4.0,13.0,1.971539294674911
41,5.0,Yes,Yes,No,7.0,6.0,5.0,0.0,18.0,5.004364168477164
42,0.25,No,No,No,3.0,2.0,10.0,0.0,15.0,0.3239061287932713
43,3.0,Yes,No,No,6.0,6.0,8.0,2.0,22.0,3.0266667843106405
44,4.0,Yes,No,No,1.0,0.0,8.0,2.0,11.0,4.053994021023692
45,1.0,Yes,Yes,Yes,7.0,3.0,1.0,5.0,16.0,1.046730137514718
46,1.0,No,Yes,Yes,8.0,9.0,3.0,0.0,20.0,1.0342669553227957
47,3.0,Yes,No,No,9.0,6.0,4.0,3.0,22.0,2.960187887407478
48,5.0,Yes,No,Yes,7.0,9.0,5.0,0.0,21.0,4.907961892194784
49,3.0,Yes,No,No,7.0,4.0,2.0,4.0,17.0,3.026914348878104
50,2.0,Yes,Yes,No,0.0,0.0,0.0,0.0,0.0,2.0953149465860967
51,6.0,Yes,No,No,7.0,8.0,7.0,5.0,27.0,6.03926176920274
52,1.0,No,No,No,10.0,6.0,3.0,10.0,29.0,1.0162360609815697
53,12.0,Yes,No,No,3.0,7.0,5.0,5.0,20.0,12.04716433727254
54,4.0,Yes,No,Yes,8.0,7.0,4.0,3.0,22.0,4.01043167612556
55,2.0,Yes,Yes,No,0.0,0.0,1.0,3.0,4.0,1.9944947267727933
56,6.0,Yes,No,No,8.0,6.0,2.0,10.0,26.0,6.01260349938137
57,7.0,Yes,No,No,6.0,4.0,2.0,3.0,19.0,6.996990083371687
58,1.0,Yes,Yes,No,7.0,0.0,0.0,2.0,15.0,1.071830533031445
59,1.0,No,Yes,No,10.0,1.0,0.0,0.0,9.0,1.0983078168921006
60,1.0,No,Yes,No,8.0,7.0,0.0,5.0,11.0,1.075711684801945
61,2.0,Yes,Yes,No,3.0,2.0,6.0,7.0,20.0,2.005362535853644
62,2.0,No,No,No,5.0,5.0,3.0,1.0,18.0,2.0253734954521896
63,5.0,Yes,No,No,10.0,10.0,3.0,1.0,14.0,4.947925039682205
64,6.0,Yes,No,No,5.0,4.0,10.0,2.0,24.0,6.005213280963709
65,3.0,No,No,No,0.0,0.0,8.0,0.0,21.0,2.9950163974480786
66,4.0,No,No,No,8.0,8.0,5.0,10.0,8.0,3.933744265172804
67,3.0,Yes,Yes,Yes,10.0,7.0,8.0,0.0,31.0,2.9826634738251574
68,2.0,Yes,Yes,Yes,7.0,3.0,1.0,1.0,25.0,1.961060024025732
69,3.0,Yes,No,No,8.0,7.0,4.0,0.0,12.0,2.9957603752936497
70,2.0,Yes,No,No,10.0,2.0,0.0,5.0,19.0,1.9801137375598548
71,4.0,Yes,No,No,9.0,8.0,1.0,2.0,17.0,3.933295190572716
72,2.0,Yes,Yes,Yes,6.0,3.0,1.0,1.0,20.0,2.0842523310881442
73,0.5,No,No,No,7.0,7.0,0.0,1.0,11.0,0.5069984894876655
74,5.0,Yes,Yes,Yes,7.0,7.0,8.0,4.0,15.0,5.098221765510533
75,5.0,Yes,No,No,4.0,1.0,0.0,0.0,26.0,4.90731541525343
76,10.0,Yes,No,No,7.0,2.0,1.0,5.0,5.0,9.989668942969665
77,2.0,No,No,No,9.0,0.0,5.0,10.0,15.0,2.0926690814178603
78,4.0,Yes,No,No,2.0,7.0,1.0,1.0,24.0,4.097856612474549
79,5.0,No,Yes,Yes,10.0,8.0,7.0,0.0,11.0,5.068509063183292
80,3.0,Yes,No,No,3.0,0.0,0.0,0.0,25.0,3.021668755216029
81,2.0,Yes,No,No,7.0,8.0,5.0,1.0,3.0,1.9318687285986287
82,2.5,Yes,Yes,Yes,2.0,1.0,0.0,0.0,21.0,2.425455419492179
83,3.0,Yes,No,No,5.0,4.0,0.0,1.0,3.0,2.9973081619308553
84,1.0,Yes,No,No,9.0,10.0,6.0,10.0,10.0,0.9802319564121442
85,7.0,Yes,Yes,No,2.0,0.0,0.0,0.0,35.0,7.078311520591804
86,1.0,No,No,No,5.0,2.0,5.0,1.0,2.0,1.010054732444202
87,1.0,No,No,No,3.0,2.0,0.0,0.0,13.0,0.9280386478780762
88,3.0,Yes,No,No,2.0,0.0,7.0,0.0,5.0,2.912341144847884
89,5.0,Yes,Yes,No,7.0,6.0,6.0,2.0,9.0,5.025574036009949
90,6.0,Yes,Yes,Yes,5.0,4.0,8.0,3.0,21.0,6.055465681528528
91,4.0,Yes,No,No,4.0,6.0,5.0,3.0,20.0,4.033309964697185
92,1.0,Yes,No,No,6.0,2.0,3.0,1.0,18.0,1.0518587581416718
93,4.0,Yes,No,No,8.0,2.0,1.0,6.0,12.0,4.079905887791663
94,10.0,Yes,No,No,9.0,6.0,0.0,6.0,17.0,9.965204862582217
95,3.0,No,No,Yes,0.0,3.0,7.0,0.0,21.0,3.0091197974434345
96,2.0,No,No,No,8.0,9.0,6.0,2.0,10.0,2.0005789614634333
97,4.0,Yes,No,No,4.0,1.0,1.0,1.0,25.0,3.9333920908184044
98,8.0,Yes,No,No,8.0,7.0,5.0,0.0,7.0,7.93004625398575
99,2.0,No,Yes,Yes,3.0,4.0,6.0,1.0,20.0,2.014802261450308
100,0.5,No,Yes,No,1.0,1.0,3.0,1.0,14.0,0.46759098864635873
101,5.0,Yes,No,No,10.0,8.0,6.0,7.0,6.0,4.9884986456342215
102,1.0,No,No,No,6.0,6.0,2.0,0.0,31.0,1.0981812643384068
103,3.0,Yes,No,No,6.0,7.0,0.0,0.0,14.0,2.9364195283046266
104,2.0,Yes,Yes,No,8.0,4.0,10.0,0.0,13.0,1.9195316629690906
105,3.0,Yes,No,No,9.0,7.0,6.0,2.0,22.0,2.9638954902639094
106,2.0,Yes,Yes,No,7.0,4.0,6.0,5.0,24.0,1.9897736168119309
107,4.0,Yes,No,No,6.0,7.0,0.0,0.0,22.0,4.0633754927787935
108,3.0,Yes,No,Yes,10.0,0.0,10.0,10.0,13.0,2.91326975293066
109,2.0,Yes,No,No,6.0,3.0,0.0,1.0,30.0,2.043201243584423
110,3.0,No,No,No,7.0,5.0,5.0,3.0,10.0,2.9970940461674918
111,4.0,Yes,No,No,7.0,10.0,5.0,0.0,20.0,3.99437673601078
112,2.0,Yes,Yes,No,8.0,6.0,0.0,0.0,22.0,2.0741064302885714
113,8.0,Yes,No,No,4.0,3.0,0.0,0.0,14.0,7.976840886642423
114,4.0,Yes,No,No,7.0,6.0,7.0,5.0,7.0,4.042700170601635
115,2.0,No,Yes,No,7.0,3.0,2.0,3.0,25.0,1.9238437525200844
116,1.0,No,No,Yes,2.0,7.0,5.0,0.0,15.0,1.0461077376121326
117,3.0,Yes,No,No,7.0,8.0,6.0,5.0,14.0,2.943175985438243
118,0.5,No,No,No,4.0,7.0,1.0,0.0,26.0,0.4970967352968737
119,2.0,No,No,No,7.0,8.0,5.0,1.0,12.0,1.9098102424127812
120,3.0,Yes,No,No,5.0,2.0,8.0,6.0,21.0,3.019425280211542
121,2.0,Yes,Yes,Yes,10.0,7.0,4.0,2.0,21.0,1.9491733439713779
122,1.0,No,No,No,6.0,5.0,0.0,0.0,23.0,1.0700666150709393
123,5.0,Yes,No,No,7.0,2.0,3.0,1.0,11.0,4.987487012010467
124,10.0,No,Yes,Yes,4.0,7.0,7.0,3.0,13.0,10.060246683815773
125,4.0,Yes,Yes,Yes,4.0,5.0,6.0,5.0,21.0,4.055762587561344
126,2.0,Yes,Yes,Yes,7.0,10.0,5.0,6.0,20.0,2.0375307152442033
127,1.0,No,No,No,6.0,4.0,5.0,0.0,28.0,1.0931998426158833
128,6.0,Yes,No,No,4.0,1.0,3.0,1.0,15.0,5.938456324737977
129,1.0,Yes,Yes,No,6.0,6.0,1.0,2.0,9.0,1.0230104146246193
130,6.0,Yes,No,No,10.0,8.0,7.0,1.0,15.0,5.905978814673591
131,7.0,Yes,No,No,10.0,8.0,2.0,8.0,26.0,6.945256342409732
132,1.0,No,No,No,3.0,6.0,2.0,0.0,28.0,1.0834350952924308
133,3.0,Yes,Yes,No,8.0,9.0,2.0,0.0,11.0,2.944261640233538
134,2.0,Yes,Yes,No,8.0,3.0,8.0,7.0,19.0,2.0825026631702848
135,3.0,Yes,Yes,No,3.0,3.0,1.0,2.0,26.0,2.9705107785885505
136,2.0,Yes,Yes,No,6.0,5.0,2.0,0.0,9.0,1.9151345120747436
137,3.0,Yes,No,Yes,0.0,0.0,4.0,0.0,13.0,2.9452938844793195
138,1.5,Yes,No,No,6.0,5.0,0.0,2.0,4.0,1.4443324364682466
139,4.0,Yes,No,No,3.0,8.0,0.0,0.0,13.0,4.034171372160077
140,2.0,Yes,No,No,1.0,8.0,0.0,0.0,11.0,1.9318802336849674
141,10.0,Yes,No,No,5.0,6.0,6.0,3.0,9.0,9.925469329258453
142,7.0,Yes,No,No,0.0,0.0,0.0,0.0,20.0,7.052414429322957
143,1.0,Yes,No,No,0.0,8.0,0.0,0.0,0.0,1.0422930259716672
144,2.0,No,No,No,3.0,7.0,0.0,0.0,8.0,2.0098854193665883
145,6.0,Yes,Yes,Yes,8.0,8.0,8.0,5.0,10.0,6.012794813530999
146,2.0,Yes,Yes,Yes,5.0,2.0,3.0,4.0,29.0,2.063389397146976
147,3.0,Yes,Yes,No,8.0,8.0,3.0,0.0,14.0,2.93783740256284
148,8.0,Yes,No,No,6.0,8.0,8.0,0.0,19.0,7.9751629373831525
149,3.0,Yes,No,No,6.0,8.0,6.0,0.0,22.0,2.9942324147331427
150,3.0,Yes,Yes,Yes,6.0,6.0,7.0,5.0,20.0,3.011563910607144
151,3.0,Yes,No,No,9.0,10.0,3.0,0.0,24.0,3.0595135851975375
152,2.0,No,Yes,No,7.0,7.0,5.0,0.0,22.0,2.038227310506671
153,1.0,No,No,No,10.0,7.0,2.0,8.0,19.0,1.0067281467104416
154,2.0,Yes,Yes,No,1.0,3.0,0.0,6.0,27.0,1.9441925682913854
155,2.0,Yes,Yes,No,5.0,3.0,2.0,1.0,10.0,2.0143862269991244
156,4.0,Yes,No,No,6.0,8.0,1.0,6.0,11.0,4.086405807867975
157,4.0,Yes,No,No,7.0,2.0,0.0,7.0,21.0,3.9735209020557294
158,1.0,Yes,Yes,No,6.0,9.0,9.0,0.0,16.0,1.041598674293039
159,2.0,No,No,No,1.0,1.0,4.0,1.0,24.0,2.0874098558225733
160,2.0,Yes,No,No,0.0,2.0,0.0,0.0,7.0,2.0590732287141673
161,1.0,Yes,No,No,8.0,8.0,2.0,0.0,2.0,1.0113342909635445
162,3.0,Yes,Yes,Yes,3.0,3.0,7.0,0.0,18.0,3.088046770049421
163,10.0,Yes,No,No,8.0,8.0,3.0,0.0,13.0,10.054923915682123
164,1.0,No,No,Yes,6.0,4.0,0.0,3.0,19.0,0.9625333610310993
165,3.0,Yes,No,No,1.0,0.0,0.0,0.0,13.0,2.9013739432330765
166,1.5,Yes,No,No,5.0,5.0,4.0,4.0,1.0,1.421162427526004
167,3.0,Yes,Yes,No,8.0,9.0,6.0,0.0,18.0,2.9011621840384305
168,2.5,Yes,Yes,No,8.0,8.0,7.0,6.0,23.0,2.4851876157538193
169,2.0,Yes,No,No,3.0,0.0,2.0,0.0,29.0,1.9753435393395167
170,5.0,Yes,No,No,0.0,5.0,1.0,0.0,5.0,4.958858108875609
171,2.0,Yes,No,No,6.0,3.0,0.0,0.0,6.0,1.9688115227004368
172,2.0,No,No,Yes,1.0,7.0,5.0,1.0,9.0,1.90677623727513
173,2.0,No,Yes,Yes,4.0,2.0,1.0,1.0,14.0,2.0415803202261253
174,2.0,Yes,No,No,5.0,6.0,0.0,1.0,8.0,1.9324905336117402
175,1.0,Yes,No,No,1.0,0.0,0.0,0.0,12.0,1.062199429360414
176,1.5,Yes,No,No,8.0,6.0,5.0,2.0,1.0,1.5056553869914446
177,5.0,Yes,Yes,Yes,9.0,4.0,0.0,3.0,21.0,5.010688001739835
178,0.5,No,No,No,4.0,6.0,6.0,4.0,16.0,0.41459842540378256
179,2.0,Yes,No,No,7.0,3.0,1.0,5.0,20.0,1.9452819781713446
180,0.5,No,No,No,10.0,3.0,1.0,0.0,16.0,0.569398314113637
181,2.0,Yes,No,No,8.0,8.0,3.0,0.0,14.0,1.9150724733165152
182,2.5,Yes,No,No,7.0,6.0,5.0,4.0,19.0,2.5987533261287847
183,2.0,Yes,Yes,No,7.0,2.0,3.0,5.0,22.0,2.0348486133389962
184,2.0,No,No,No,10.0,3.5,5.0,10.0,17.0,1.9005875073593879
185,1.0,Yes,No,No,7.0,5.0,1.0,2.0,28.5,0.9846885118863363
186,4.0,Yes,Yes,No,6.0,8.0,9.0,5.0,15.0,3.9322218288356403
187,5.0,Yes,No,No,2.0,9.0,2.0,1.0,28.0,5.080057967137616
188,2.0,Yes,Yes,Yes,7.0,4.0,10.0,2.0,14.0,1.943366950384304
189,2.0,Yes,Yes,No,7.0,5.0,6.0,0.0,23.0,1.9624822970448994
190,2.0,Yes,No,No,6.0,1.0,0.0,0.0,18.0,2.046962819095831
191,1.0,Yes,Yes,No,3.0,6.0,1.0,1.0,7.0,0.9153690463284286
192,4.0,Yes,No,No,9.0,10.0,3.0,0.0,11.0,4.010353303463795
193,1.0,No,Yes,No,8.0,5.0,8.0,9.0,22.0,0.9215424327751063
194,4.0,Yes,No,No,8.0,7.0,7.0,3.0,30.0,3.979749385111894
195,5.0,Yes,No,No,9.0,9.0,9.0,3.0,25.0,5.05233921998733
196,5.0,Yes,No,No,9.0,8.0,9.0,7.0,30.0,4.953394681645601
197,7.0,Yes,No,No,9.0,3.0,7.0,8.0,33.0,6.92505468875655
198,2.0,Yes,No,No,10.0,8.0,6.0,2.0,27.0,1.9675166790988432
199,3.0,Yes,No,No,9.0,6.0,3.0,0.0,26.0,3.099812696929699
200,2.0,Yes,No,No,7.0,7.0,8.0,3.0,18.0,1.9676551314357134
201,3.0,Yes,No,Yes,9.0,10.0,4.0,0.0,25.0,2.968549934985095
202,3.0,Yes,No,No,9.0,9.0,8.0,2.0,23.0,2.9763210663983646
203,3.0,Yes,No,No,9.0,10.0,3.0,9.0,28.0,2.989765424195081
204,5.0,Yes,Yes,Yes,10.0,9.0,8.0,8.0,31.0,5.0529420313342195
205,6.0,Yes,No,Yes,6.0,5.0,6.0,8.0,35.0,6.0507889778917745
206,2.0,No,No,No,8.0,6.0,10.0,3.0,25.0,2.0346855804250015
207,2.0,No,No,No,8.0,3.0,6.0,4.0,27.0,2.052623805914343
208,1.0,No,Yes,No,4.0,2.0,1.0,3.0,21.0,0.9658490346158032
209,1.0,Yes,No,No,2.0,1.0,1.0,1.0,10.0,1.0533431600643297
210,3.0,No,No,No,10.0,10.0,7.0,3.0,5.0,2.9910007745427287
211,3.0,Yes,No,No,8.0,9.0,0.0,0.0,30.0,2.903532468693468
212,1.0,No,No,No,4.0,9.0,6.0,2.0,17.0,1.067366358521385
213,6.0,Yes,No,No,4.0,2.0,0.0,0.0,21.0,5.904499853944337
214,4.0,Yes,No,No,9.0,2.0,7.0,7.0,6.0,3.9602327356265454
215,2.0,Yes,No,No,8.0,6.0,7.0,5.0,25.0,2.011017707489854
216,2.0,Yes,Yes,No,6.0,5.0,4.0,2.0,26.0,2.0394363196309127
217,3.0,Yes,No,No,8.0,5.0,2.0,3.0,17.0,3.027848875319771
218,8.0,Yes,Yes,Yes,7.0,6.0,6.0,1.0,18.0,8.086914314712482
219,3.0,Yes,Yes,No,10.0,2.0,0.0,0.0,20.0,3.0004135571305177
220,2.0,Yes,No,No,6.0,0.0,0.0,0.0,12.0,2.079182720753949
221,7.0,Yes,No,No,2.0,0.0,1.0,0.0,6.0,7.018935165511325
222,9.0,Yes,No,No,9.0,0.0,2.0,0.0,3.0,8.92866855911487
223,2.0,Yes,No,No,5.0,4.0,1.0,1.0,17.0,1.982268638000083
224,1.0,Yes,No,No,8.0,4.0,0.0,1.0,11.0,0.955261660665388
225,1.0,No,No,No,8.0,10.0,2.0,0.0,11.0,0.9485492592508196
226,2.0,Yes,No,No,3.0,6.0,2.0,1.0,13.0,1.9083935514481405
227,4.0,Yes,No,No,4.0,4.0,2.0,1.0,20.0,4.061924634407209
228,2.0,Yes,Yes,No,7.0,5.0,2.0,6.0,12.0,2.061598461226808
229,6.0,Yes,No,No,3.0,2.0,0.0,0.0,11.0,6.049813415277332
230,4.0,Yes,Yes,Yes,9.0,9.0,5.0,1.0,20.0,3.9601102007597486
231,1.0,No,No,No,3.0,10.0,4.0,1.0,5.0,0.9986566473241376
232,6.0,Yes,No,No,9.0,0.0,5.0,0.0,24.0,6.098981889215077
233,2.0,No,Yes,No,7.0,6.0,6.0,5.0,18.0,2.0035598282799634
234,5.0,Yes,No,Yes,0.0,9.0,4.0,0.0,14.0,5.063026474791107
235,1.5,No,No,No,2.0,2.0,2.0,1.0,24.0,1.5739329841217882
236,5.0,Yes,Yes,Yes,6.0,9.0,2.0,1.0,13.0,4.924383340996413
237,2.0,Yes,No,Yes,6.0,4.0,1.0,0.0,7.0,2.0831057323762514
238,4.0,Yes,Yes,No,8.0,9.0,4.0,0.0,18.0,4.006484621043018
239,2.0,Yes,Yes,Yes,6.0,7.0,4.0,3.0,11.0,1.9013652426542036
240,5.0,Yes,Yes,Yes,7.0,2.0,2.0,0.0,21.0,4.985998088059272
241,6.0,Yes,No,No,8.0,6.0,5.0,6.0,20.0,5.965445715486543
242,1.0,No,No,No,3.0,10.0,0.0,0.0,11.0,0.9132214687879862
243,6.0,Yes,Yes,No,9.0,4.0,9.0,7.0,25.0,5.988844827272291
244,4.0,No,Yes,No,7.0,9.0,2.0,8.0,13.0,3.9519440169633633
245,2.0,No,No,No,10.0,3.0,1.0,4.0,29.0,1.980309911567124
246,2.0,No,Yes,Yes,0.0,0.0,0.0,1.0,26.0,2.0430538765627433
247,2.0,Yes,No,No,9.0,6.0,1.0,7.0,18.0,1.9394044176948912
248,4.0,Yes,No,Yes,7.0,1.0,3.0,5.0,1.0,3.939920049934574
249,2.0,Yes,Yes,No,9.0,7.0,5.0,7.0,23.0,1.9313002648489184
250,6.0,Yes,No,No,3.0,1.0,2.0,7.0,16.0,5.966137745152745
251,3.0,Yes,No,No,6.0,6.0,8.0,0.0,28.0,2.9929937047316995
252,5.0,Yes,No,No,10.0,6.0,0.0,4.0,13.0,4.993970295418637
253,0.5,Yes,Yes,No,6.0,3.0,1.0,1.0,20.0,0.503574032384428
254,1.0,Yes,No,No,3.0,3.0,0.0,7.0,20.0,0.9662501232152525
255,10.0,Yes,No,No,9.0,10.0,2.0,2.0,11.0,9.974294362297014
256,2.0,Yes,No,No,7.0,5.0,0.0,2.0,13.0,1.9260474853745408
257,0.5,No,No,No,3.0,0.0,4.0,4.0,23.0,0.5456280643663383
258,1.0,No,No,No,9.0,9.0,6.0,4.0,14.0,1.0339627309933153
259,2.0,Yes,Yes,No,5.0,7.0,7.0,2.0,11.0,2.007001664163396
260,3.0,Yes,No,No,0.0,8.0,0.0,5.0,28.0,2.945349285200742
261,3.0,No,No,No,8.0,4.0,3.0,4.0,21.0,3.080001390751166
262,2.0,Yes,No,No,7.0,2.0,0.0,7.0,13.0,2.0286003823901924
263,1.0,No,No,No,9.0,9.0,6.0,9.0,19.0,0.996771712030797
264,8.0,Yes,Yes,No,5.0,7.0,5.0,4.0,16.0,8.071892583723782
265,1.0,Yes,Yes,No,5.0,1.0,0.0,0.0,33.0,1.0845283439381217
266,1.0,No,No,Yes,4.0,1.0,3.0,0.0,21.0,0.9945866811978049
267,1.0,No,No,No,3.0,5.0,3.0,0.0,6.0,0.9404670516106691
268,5.0,Yes,Yes,No,2.0,2.0,0.0,6.0,8.0,4.90181785341685
269,5.0,Yes,No,No,0.0,1.0,3.0,5.0,11.0,4.982898264839404
270,4.0,Yes,No,No,7.0,8.0,6.0,2.0,10.0,3.93162675729434
271,8.0,Yes,No,Yes,6.0,4.0,8.0,8.0,9.0,7.955789914830147
272,0.7,No,No,No,5.0,6.0,8.0,2.0,23.0,0.6631225604502191
273,3.0,No,No,No,6.0,6.0,2.0,6.0,26.0,2.9318831801061465
274,7.0,Yes,No,No,8.0,9.0,3.0,4.0,21.0,7.092736122400546
275,1.5,No,Yes,Yes,8.0,4.0,3.0,3.0,20.0,1.5298413220460814
276,4.0,Yes,Yes,Yes,8.0,6.0,5.0,7.0,24.0,3.951215741401341
277,4.0,Yes,No,No,8.0,8.0,7.0,7.0,18.0,4.055590725419748
278,10.0,Yes,No,Yes,5.0,2.0,5.0,0.0,26.0,10.01155237546731
279,2.0,Yes,Yes,Yes,6.0,8.0,4.0,2.0,30.0,1.9281063908897815
280,2.0,Yes,No,No,7.0,5.0,2.0,1.0,12.0,1.9083560475006265
281,6.0,Yes,No,No,8.0,8.0,7.0,1.0,20.0,6.089901808131597
282,0.5,Yes,Yes,No,10.0,2.0,0.0,0.0,15.0,0.5398620974888108
283,2.0,Yes,Yes,Yes,8.0,7.0,7.0,5.0,24.0,1.9795390723907076
284,5.0,Yes,No,No,8.0,8.0,8.0,6.0,12.0,5.051227096489489
285,3.0,Yes,Yes,Yes,8.0,10.0,9.0,2.0,27.0,3.0232937226773227
286,4.5,Yes,No,No,6.0,1.0,8.0,4.0,30.0,4.430454914482539
287,3.0,Yes,No,No,0.0,4.0,4.0,0.0,29.0,3.000937109669015
288,20.0,Yes,No,No,8.0,10.0,10.0,8.0,19.0,20.0487464204068
289,1.0,No,No,No,3.0,2.0,0.0,1.0,8.0,0.9337747040737272
290,2.5,No,Yes,Yes,5.0,3.0,3.0,1.0,36.0,2.5409933969512
291,1.0,No,No,No,8.0,9.0,6.0,1.0,6.0,0.9779713280440325
292,2.0,No,Yes,No,10.0,3.0,0.0,10.0,12.0,2.090155013768032
293,5.0,Yes,Yes,No,6.0,7.0,8.0,2.0,24.0,4.964346194238381
294,3.0,Yes,Yes,No,7.0,4.0,7.0,0.0,23.0,3.0487663561316185
295,3.0,Yes,Yes,No,9.0,8.0,6.0,2.0,23.0,2.9084347367910355
296,0.5,No,No,No,8.0,0.0,0.0,0.0,18.0,0.461571652094168
297,8.0,Yes,Yes,Yes,8.0,9.0,2.0,5.0,25.0,7.914458884339314
298,2.0,Yes,No,No,7.0,2.0,3.0,0.0,8.0,1.9905161065443224
299,3.0,Yes,Yes,Yes,10.0,10.0,4.0,0.0,24.0,2.9265146017705876
300,3.0,Yes,No,No,8.0,8.0,3.0,3.0,12.0,2.9556847600193046
301,5.0,Yes,Yes,No,8.0,7.0,7.0,4.0,24.0,4.982698288678625
302,1.5,Yes,No,Yes,8.0,7.0,1.0,2.0,22.0,1.5095270410733899
303,1.0,Yes,No,No,6.0,5.0,10.0,2.0,26.0,0.9685174223511538
304,2.0,Yes,Yes,No,7.0,6.0,0.0,4.0,18.0,2.043637871730817
305,1.0,Yes,No,No,7.0,4.0,0.0,0.0,23.0,0.9428502668805367
306,4.0,Yes,No,No,8.0,7.0,2.0,10.0,17.0,4.027103274972741
307,1.0,Yes,No,No,4.0,4.0,4.0,0.0,11.0,1.0813866615254453
308,2.0,Yes,No,No,0.0,0.0,2.0,0.0,27.0,2.074147768962539
309,2.0,Yes,Yes,Yes,6.0,4.0,0.0,1.0,12.0,1.988839254577229
310,2.0,No,No,No,4.0,7.0,0.0,0.0,2.0,1.9339468132531399
311,1.0,No,No,No,8.0,4.0,3.0,0.0,11.0,1.0364286173427921
312,6.0,Yes,No,No,5.0,5.0,3.0,3.0,11.0,6.0774116713383295
313,2.0,Yes,No,No,0.0,8.0,0.0,0.0,15.0,1.9773361063924682
314,4.0,Yes,Yes,No,7.0,4.0,6.0,1.0,16.0,4.069463900743788
315,1.5,Yes,No,No,8.0,7.0,7.0,3.0,8.0,1.5534091250894007
316,3.0,Yes,No,No,9.0,8.0,6.0,2.0,18.0,3.0562167243151612
317,4.0,Yes,No,Yes,8.0,6.0,4.0,0.0,25.0,4.060329460335528
318,10.0,Yes,No,No,7.0,2.0,0.0,8.0,25.0,9.99858022002356
319,3.0,Yes,No,No,6.0,7.0,7.0,7.0,18.0,3.0481554164970937
320,3.0,No,No,No,7.0,6.0,4.0,2.0,17.0,3.0911777000928318
321,3.0,Yes,No,No,1.0,1.0,1.0,0.0,27.0,2.9122968194105785
322,2.0,Yes,No,No,1.0,1.0,3.0,0.0,19.0,1.9038888512778092
323,2.0,Yes,Yes,Yes,2.0,7.0,1.0,2.0,3.0,2.052690262998727
324,3.0,Yes,No,No,6.0,2.0,3.0,1.0,5.0,3.086943939807472
325,2.0,No,No,No,7.0,7.0,3.0,2.0,12.0,1.92334685383877
326,5.0,Yes,Yes,No,8.0,7.0,0.0,3.0,12.0,4.951438821390661
327,6.0,Yes,No,No,8.0,3.0,5.0,2.0,19.0,5.9166081798517824
328,3.0,Yes,Yes,Yes,5.0,4.0,2.0,0.0,18.0,2.9973590097072074
329,5.0,Yes,No,No,7.0,10.0,10.0,1.0,18.0,5.082331534683617
330,5.0,Yes,No,No,7.0,6.0,8.0,4.0,11.0,4.961678348565242
331,6.0,Yes,No,No,8.0,7.0,0.0,9.0,28.0,6.035727287402479
332,6.0,Yes,No,No,10.0,7.0,3.0,3.0,25.0,5.959113130513078
333,3.0,Yes,No,No,6.0,5.0,5.0,3.0,24.0,2.9819736867025575
334,10.0,Yes,No,No,8.0,7.0,6.0,8.0,23.0,9.907374385142196
335,2.0,Yes,No,No,10.0,7.0,7.0,3.0,19.0,1.9049720696509147
336,2.0,Yes,No,No,10.0,10.0,5.0,7.0,29.0,1.950217444322698
337,3.0,No,Yes,No,8.0,2.0,2.0,8.0,27.0,2.9552119736327955
338,1.5,No,No,No,3.0,7.0,4.0,0.0,32.0,1.4826172134603772
339,10.0,Yes,No,No,9.0,7.0,5.0,5.0,20.0,10.032442223440254
340,2.0,Yes,No,No,5.0,3.0,0.0,0.0,14.0,2.026035164627742
341,3.0,Yes,Yes,Yes,10.0,7.0,0.0,10.0,26.0,2.974207281700532
342,2.5,Yes,No,No,8.0,0.0,0.0,3.0,8.0,2.496100926284816
343,3.0,Yes,No,No,6.0,0.0,3.0,0.0,27.0,2.967835815725701
344,0.5,Yes,Yes,No,7.0,9.0,4.0,6.0,11.0,0.44507848242048414
345,16.0,Yes,No,Yes,3.0,2.0,5.0,6.0,9.0,15.92142139639822
346,6.0,Yes,Yes,No,4.0,2.0,0.0,0.0,26.0,6.0348129922104565
347,3.0,Yes,No,No,4.0,2.0,0.0,0.0,16.0,3.066433721160866
348,0.5,No,No,No,5.0,3.0,1.0,0.0,6.0,0.45780502671581186
349,5.0,Yes,No,No,4.0,2.0,2.0,1.0,6.0,5.082501923499816
350,2.0,No,Yes,No,4.0,0.0,6.0,5.0,9.0,1.920012630964188
351,2.0,Yes,No,No,7.0,6.0,3.0,1.0,9.0,1.900904488600665
352,2.0,Yes,No,No,7.0,8.0,6.0,2.0,15.0,2.065590405055514
353,1.5,Yes,No,No,3.0,4.0,1.0,1.0,17.0,1.5544381843198645
354,1.0,Yes,Yes,No,9.0,7.0,2.0,1.0,23.0,1.0931584061207409
355,10.0,Yes,Yes,No,10.0,9.0,3.0,2.0,9.0,9.920374649933144
356,2.0,Yes,No,No,9.0,9.0,7.0,3.0,19.0,1.9406809604567745
357,15.0,Yes,Yes,Yes,8.0,10.0,9.0,2.0,24.0,15.067042785556424
358,0.5,No,No,No,8.0,9.0,6.0,4.0,28.0,0.5865822937741955
359,3.0,Yes,No,No,5.0,6.0,9.0,9.0,29.0,3.016679034785167
360,2.0,Yes,No,No,9.0,3.0,7.0,2.0,27.0,1.9268761160270318
361,4.0,Yes,No,No,3.0,2.0,1.0,6.0,29.0,4.011784609222471
362,2.0,Yes,No,No,7.0,7.0,4.0,0.0,21.0,2.080006602151787
363,1.0,Yes,No,No,7.0,9.0,1.0,2.0,12.0,1.0900533607034733
364,24.0,Yes,No,No,5.0,1.0,9.0,1.0,18.0,24.01145703482651
365,1.0,Yes,No,No,3.0,3.0,0.0,0.0,19.0,1.0955564605867627
366,2.0,Yes,Yes,No,8.0,7.0,5.0,4.0,16.0,2.0789917321145337
367,2.0,Yes,Yes,No,8.0,2.0,1.0,1.0,6.0,2.0751859822308276
368,3.0,Yes,No,No,4.0,0.0,0.0,0.0,24.0,3.0386417668986723
369,3.0,Yes,Yes,No,9.0,6.0,1.0,1.0,12.0,2.932035992016386
370,2.0,Yes,No,No,10.0,7.0,2.0,0.0,4.0,2.044782823891034
371,7.0,Yes,No,No,8.0,7.0,7.0,4.0,17.0,6.926217526232411
372,6.0,Yes,No,No,1.0,0.0,0.0,0.0,19.0,5.973398997765057
373,3.0,Yes,No,No,5.0,7.0,1.0,4.0,26.0,3.0111097722554785
374,5.0,Yes,No,Yes,7.0,6.0,9.0,2.0,1.0,4.972544021449854
375,4.0,Yes,Yes,Yes,8.0,8.0,2.0,2.0,17.0,3.92959941550225
376,3.0,Yes,Yes,No,2.0,2.0,8.0,0.0,24.0,3.0577608390880457
377,2.0,Yes,Yes,No,6.0,0.0,0.0,2.0,20.0,2.088622844565398
378,3.0,Yes,No,No,2.0,0.0,1.0,0.0,12.0,3.062118899561131
379,2.0,Yes,No,No,6.0,2.0,6.0,7.0,8.0,2.0855883410574836
380,2.0,Yes,No,No,6.0,1.0,0.0,5.0,3.0,1.9314546158648362
381,3.0,No,Yes,No,7.0,6.0,4.0,0.0,21.0,2.9597014670860635
382,2.0,Yes,Yes,Yes,0.0,0.0,3.0,0.0,12.0,2.0770222753445373
383,3.0,Yes,Yes,Yes,9.0,7.0,10.0,6.0,17.0,3.0495790689613576
384,0.0,No,No,No,10.0,0.0,0.0,0.0,3.0,0.09141321100305475
385,1.0,Yes,Yes,No,6.0,6.0,3.0,0.0,32.0,1.068481267592397
386,2.0,Yes,No,No,4.0,3.0,1.0,6.0,10.0,1.9009882610483966
387,2.0,Yes,Yes,No,6.0,2.0,2.0,1.0,15.0,2.0307625856370057
388,6.0,Yes,No,No,2.0,2.0,3.0,2.0,14.0,5.904393301956876
389,5.0,Yes,No,No,7.0,4.0,5.0,6.0,11.0,4.92741264919406
390,2.0,Yes,Yes,No,7.0,5.0,3.0,2.0,9.0,1.9413008462486434
391,4.0,Yes,Yes,Yes,8.0,5.0,10.0,3.0,22.0,4.070802134025812
392,8.0,Yes,No,Yes,7.0,5.0,6.0,5.0,17.0,8.055998417700486
393,4.0,Yes,Yes,No,6.0,8.0,8.0,2.0,26.0,4.031596137970024
394,1.5,No,Yes,No,1.0,2.0,4.0,3.0,23.0,1.53825873026329
395,2.0,Yes,Yes,No,3.0,2.0,0.0,2.0,24.0,2.044764909301756
396,5.0,Yes,No,No,6.0,7.0,7.0,4.0,10.0,5.049739747045362
397,6.0,Yes,Yes,No,6.0,7.0,2.0,0.0,7.0,5.92569881575093
398,2.0,Yes,No,No,9.0,8.0,4.0,8.0,24.0,1.9322882927686345
399,2.0,No,No,No,7.0,7.0,2.0,1.0,15.0,2.0878892036087318
400,1.0,No,Yes,No,1.0,0.0,1.0,0.0,29.0,0.9626006814201078
401,1.0,No,No,No,4.0,3.0,4.0,5.0,17.0,0.9279066987651258
402,2.0,No,No,No,2.0,0.0,0.0,0.0,2.0,2.01961756025601
403,2.0,Yes,Yes,No,0.0,5.0,7.0,0.0,16.0,2.047936424012724
404,1.0,Yes,Yes,No,8.0,7.0,7.0,0.0,2.0,1.0802703931279327
405,14.0,Yes,No,No,5.0,10.0,8.0,0.0,12.0,14.028904640013726
406,3.0,Yes,Yes,Yes,9.0,6.0,8.0,5.0,22.0,2.9524495748669985
407,2.0,Yes,Yes,Yes,2.0,2.0,7.0,0.0,23.0,2.082494874486047
408,0.5,Yes,Yes,Yes,7.0,8.0,6.0,2.0,26.0,0.42633843629110457
409,6.0,Yes,No,No,10.0,10.0,8.0,2.0,28.0,6.090787209652799
410,1.0,Yes,Yes,No,8.0,5.0,2.0,3.0,11.0,0.9369524166159485
411,2.0,Yes,Yes,No,7.0,8.0,2.0,5.0,23.0,2.0351618223297567
412,4.0,Yes,Yes,Yes,1.0,1.0,2.0,0.0,30.0,3.9533396553337252
413,3.0,Yes,Yes,Yes,9.0,10.0,10.0,3.0,18.0,3.0472493558529323
414,12.0,Yes,Yes,Yes,9.0,4.0,4.0,4.0,22.0,11.937667649568594
415,3.0,No,Yes,No,8.0,2.0,4.0,0.0,4.0,2.940789817014975
416,1.0,No,No,No,1.0,1.0,5.0,1.0,32.0,0.9614726211356903
417,10.0,Yes,No,No,10.0,9.0,9.0,8.0,21.0,9.943343786993818
418,5.0,Yes,Yes,No,3.0,0.0,2.0,3.0,14.0,5.04549868805787
419,0.5,Yes,Yes,No,4.0,0.0,4.0,0.0,8.0,0.4270900931321305
420,5.0,Yes,Yes,Yes,2.0,3.0,5.0,2.0,36.0,5.015686464637757
421,3.0,Yes,Yes,Yes,2.0,3.0,3.0,0.0,8.0,3.085362996336272
422,2.0,No,No,No,8.0,4.0,3.0,0.0,8.0,1.97140324746794
423,4.0,Yes,Yes,No,8.0,8.0,9.0,3.0,12.0,4.0905590677212365
424,6.0,Yes,Yes,Yes,0.0,1.0,0.0,2.0,8.0,6.074384805128641
425,3.0,Yes,No,No,5.0,4.0,0.0,1.0,15.0,3.0963988212779276
426,4.0,Yes,No,No,7.5,5.0,7.0,8.5,37.0,3.9576637920395497
427,3.0,No,Yes,No,3.0,3.0,0.0,0.0,28.0,2.938426497940643
428,2.0,Yes,Yes,No,7.0,5.0,3.0,1.0,3.0,2.0672878657814695
429,2.0,Yes,Yes,Yes,8.0,0.0,1.0,6.0,10.0,1.9759738509980938
430,1.0,Yes,No,No,6.0,4.0,1.0,1.0,28.0,1.039752743075545
431,6.0,Yes,Yes,No,8.0,8.0,7.0,10.0,6.0,5.994989544261869
432,9.0,Yes,No,No,10.0,8.0,9.0,5.0,16.0,9.052103882474471
433,1.0,No,No,No,3.0,0.0,2.0,0.0,15.0,1.020049679740762
434,1.0,Yes,No,No,5.0,5.0,7.0,1.0,12.0,0.9066108715987166
435,0.5,No,No,Yes,7.0,7.0,6.0,5.0,33.0,0.4800753009277727
436,1.0,No,No,No,7.0,4.0,6.0,3.0,32.0,1.0229291948858465
437,1.5,Yes,Yes,No,3.0,3.0,1.0,0.0,5.0,1.474505240347931
438,6.0,Yes,No,No,4.0,0.0,0.0,2.0,18.0,5.978265920490018
439,4.0,Yes,No,No,3.0,0.0,6.0,9.0,25.0,4.073133239227622
440,6.0,Yes,No,Yes,5.0,1.0,6.0,0.0,20.0,6.043488902931538
441,4.0,Yes,No,No,10.0,6.0,8.0,0.0,7.0,4.0372662430304445
442,1.5,Yes,No,No,7.0,5.0,1.0,2.0,6.0,1.4319647085426785
443,2.0,Yes,No,No,7.0,7.0,0.0,4.0,18.0,2.018222333767005
444,2.0,Yes,No,No,6.0,0.0,0.0,0.0,12.0,1.9377131490727462
445,4.0,Yes,No,No,6.0,2.0,3.0,2.0,24.0,3.9427456021204668
446,3.0,Yes,No,No,7.0,6.0,7.0,9.0,15.0,3.039263564020494
447,4.0,Yes,No,No,5.0,7.0,7.0,0.0,18.0,4.064430207784582
448,2.0,Yes,No,No,7.0,6.0,4.0,3.0,6.0,2.09499511059182
449,2.0,Yes,No,No,2.0,2.0,2.0,0.0,13.0,2.0838115561646844
450,6.0,Yes,No,No,9.0,5.0,0.0,7.0,29.0,6.091059603699852
451,0.0,No,Yes,No,3.0,7.0,8.0,0.0,19.0,-0.0012299724861141864
452,1.0,No,No,No,4.0,5.0,9.0,1.0,20.0,1.0289583758886143
453,4.0,Yes,Yes,No,1.0,0.0,7.0,0.0,6.0,4.08746668663753
454,2.0,No,Yes,Yes,3.0,2.0,0.0,2.0,21.0,1.9282325554493371
455,3.0,Yes,No,No,1.0,6.0,1.0,2.0,18.0,3.0655550924611643
456,4.0,No,No,No,8.0,10.0,4.0,0.0,19.0,4.095500060333189
457,2.0,No,No,No,8.0,10.0,10.0,0.0,8.0,2.0714115007969016
458,3.0,Yes,No,No,3.0,0.0,8.0,1.0,7.0,3.0755825981083116
459,1.0,No,No,No,3.0,4.0,1.0,0.0,10.0,1.0654075268545458
460,10.0,Yes,No,No,2.0,1.0,2.0,2.0,22.0,10.029241433265057
461,10.0,No,No,No,0.0,0.0,0.0,0.0,28.0,9.94578048079109
462,10.0,Yes,No,No,8.0,8.0,5.0,0.0,12.0,10.057781983676584
463,4.0,No,No,No,1.0,1.0,1.0,0.0,8.0,4.063035088170524
464,4.0,Yes,No,No,8.0,7.0,6.0,2.0,7.0,3.9754500638254386
465,3.0,No,No,No,6.0,5.0,4.0,0.0,0.0,2.9318622915359436
466,2.0,Yes,No,No,5.0,4.0,6.0,2.0,21.0,2.030903155382462
467,1.0,No,Yes,No,3.0,1.0,0.0,2.0,3.0,0.9176880742436192
468,6.0,Yes,Yes,No,4.0,8.0,2.0,2.0,23.0,6.0731236656829815
469,1.0,Yes,No,No,5.0,6.0,3.0,1.0,15.0,0.9644546147212616
470,1.0,Yes,Yes,Yes,0.0,0.0,2.0,1.0,17.0,1.0612931159998624
471,4.0,Yes,No,No,7.0,6.0,7.0,4.0,6.0,4.0548535528202265
472,2.0,Yes,No,No,8.0,5.0,6.0,1.0,16.0,1.943798151522051
473,2.0,Yes,No,No,4.0,4.0,2.0,0.0,15.0,2.011117551592053
474,2.0,Yes,Yes,Yes,9.0,8.0,10.0,9.0,3.0,1.9411821151178406
475,6.0,Yes,No,No,5.0,5.0,7.0,0.0,24.0,6.043806221718358
476,3.0,Yes,No,No,4.0,6.0,8.0,1.0,20.0,3.0224596929377974
477,1.0,Yes,No,No,4.0,8.0,5.0,0.0,10.0,1.0163878760977485
478,4.0,Yes,Yes,No,9.0,10.0,6.0,7.0,36.0,3.9655228826105073
479,0.5,No,No,No,3.0,2.0,2.0,2.0,17.0,0.4130879617737439
480,8.0,Yes,No,No,6.0,2.0,2.0,1.0,19.0,8.075446685434931
481,15.0,Yes,No,No,2.0,0.0,3.0,0.0,17.0,14.954120099797878
482,1.5,Yes,Yes,No,10.0,8.0,0.0,4.0,32.0,1.429415278415908
483,2.0,Yes,Yes,No,4.0,4.0,2.0,2.0,9.0,2.088668298923153
484,3.0,Yes,Yes,No,7.0,8.0,6.0,2.0,11.0,2.9989591648835323
485,1.0,Yes,No,No,7.0,6.0,5.0,5.0,5.0,0.9546711524193362
486,0.25,Yes,No,No,1.0,0.0,0.0,0.0,22.0,0.19577181165650337
487,1.0,No,Yes,Yes,6.0,2.0,8.0,0.0,12.0,0.9236669914823067
488,1.0,Yes,No,Yes,4.0,5.0,7.0,0.0,23.0,1.0415218716415053
489,5.0,Yes,No,No,10.0,7.0,0.0,0.0,23.0,5.013720409191139
490,1.0,No,No,No,4.0,2.0,1.0,0.0,1.0,0.9887603575238579
491,1.0,Yes,No,No,7.0,6.0,2.0,3.0,16.0,0.9540012019905858
492,7.0,Yes,No,No,3.0,2.0,8.0,0.0,16.0,6.917844548300713
493,3.0,No,Yes,Yes,10.0,7.0,4.0,3.0,17.0,3.0996439504443147
494,3.0,Yes,No,No,4.0,0.0,0.0,0.0,7.0,3.040237237060946
495,7.0,Yes,No,No,7.0,7.0,0.0,0.0,18.0,6.959174474740178
496,8.0,Yes,No,No,6.0,7.0,4.0,1.0,13.0,7.964698176615486
497,2.0,Yes,No,No,7.0,6.0,2.0,7.0,24.0,2.062954918552401
498,2.0,Yes,No,No,6.0,5.0,8.0,0.0,4.0,2.0793315093421656
499,2.0,Yes,No,No,10.0,10.0,2.0,3.0,14.0,1.9968400741516281
500,2.0,Yes,No,No,7.0,6.0,5.0,1.0,18.0,1.9837266396280309
501,4.0,No,No,No,3.0,0.0,0.0,0.0,22.0,3.9462310846479043
502,8.0,Yes,No,No,8.0,2.0,1.0,0.0,19.0,7.927818512338444
503,4.0,Yes,No,No,7.0,6.0,6.0,5.0,25.0,3.965287970023959
504,1.0,No,No,No,3.0,2.0,5.0,0.0,19.0,1.0109736315397237
505,5.0,No,No,No,8.0,2.0,1.0,0.0,3.0,5.039540015190377
506,2.0,Yes,No,No,7.0,7.0,2.0,4.0,11.0,2.0223262686426446
507,1.0,No,No,No,5.0,1.0,1.0,1.0,24.0,0.956493228449405
508,5.0,Yes,No,No,1.0,2.0,1.0,0.0,10.0,5.0954556301592
509,8.0,Yes,No,No,2.0,1.0,2.0,2.0,11.0,7.954314005246391
510,2.0,Yes,No,No,5.0,2.0,4.0,0.0,20.0,1.959026578091778
511,2.0,Yes,No,No,7.0,2.0,1.0,0.0,8.0,1.9577160403309477
512,1.0,Yes,No,No,10.0,10.0,7.0,8.0,4.0,0.9917748039026403
513,8.0,Yes,No,No,7.0,2.0,1.0,6.0,7.0,8.013219686830809
514,8.0,Yes,No,No,6.0,4.0,1.0,0.0,11.0,8.00106039161662
515,1.0,No,No,No,5.0,9.0,6.0,1.0,10.0,0.9240906928771468
516,1.0,Yes,Yes,No,7.0,5.0,7.0,0.0,35.0,0.9451722255480137
517,8.0,Yes,No,No,7.0,6.0,7.0,4.0,16.0,7.990845384521254
518,2.0,Yes,No,No,0.0,0.0,0.0,0.0,11.0,2.093463477425059
519,6.0,Yes,No,No,3.0,5.0,0.0,2.0,21.0,5.9494035878616796
520,3.0,No,Yes,Yes,8.0,8.0,5.0,2.0,19.0,2.9829829148835225
521,4.0,Yes,Yes,No,8.0,7.0,10.0,6.0,24.0,4.097646866600654
522,2.0,Yes,No,No,2.0,4.0,5.0,2.0,0.0,2.060474226924733
523,3.0,Yes,Yes,No,7.0,3.0,9.0,2.0,10.0,3.0847246643850625
524,4.0,No,No,Yes,8.0,7.0,4.0,4.0,23.0,4.009106197115412
525,2.0,No,No,No,0.0,0.0,0.0,5.0,31.0,1.9643447723968084
526,1.0,Yes,No,No,8.0,6.0,9.0,8.0,13.0,0.9907495191237291
527,1.0,Yes,No,No,4.0,2.0,3.0,2.0,21.0,1.0058242219843117
528,1.0,No,No,No,3.0,2.0,2.0,2.0,23.0,0.9531588384303442
529,2.0,Yes,Yes,No,6.0,4.0,10.0,0.0,5.0,1.997256960758718
530,7.0,Yes,No,No,8.0,8.0,10.0,0.0,31.0,6.923858193761892
531,5.0,Yes,No,No,5.0,5.0,5.0,5.0,11.0,5.014128606427014
532,3.0,Yes,No,No,10.0,8.0,6.0,2.0,9.0,3.060027132099833
533,1.0,No,No,No,0.0,0.0,7.0,0.0,20.0,1.094619957701249
534,6.0,Yes,Yes,Yes,8.0,8.0,10.0,0.0,26.0,5.965371290735124
535,2.0,No,No,No,8.0,2.0,0.0,0.0,20.0,1.9954090516756182
536,3.0,Yes,Yes,Yes,7.0,8.0,4.0,10.0,26.0,3.063322283675009
537,1.5,Yes,No,No,0.0,2.0,0.0,1.0,7.0,1.5081149772905844
538,4.0,Yes,Yes,No,3.0,5.0,4.0,0.0,26.0,3.9496987540100696
539,2.0,Yes,Yes,No,5.0,2.0,3.0,1.0,10.0,1.9031339476625844
540,2.0,Yes,No,No,6.0,1.0,0.0,0.0,29.0,1.9273094849864807
541,2.0,No,No,No,6.0,3.0,4.0,2.0,3.0,2.006275079382698
542,1.0,Yes,Yes,Yes,5.0,6.0,8.0,2.0,12.0,0.971485368922659
543,3.0,Yes,No,No,8.0,4.0,7.0,5.0,11.0,3.046788569885766
544,3.0,Yes,No,No,1.0,1.0,2.0,3.0,7.0,3.080749121965018
545,2.0,No,Yes,No,8.0,3.0,1.0,3.0,15.0,1.9729973288275149
546,6.0,Yes,No,Yes,3.0,3.0,0.0,0.0,21.0,5.90201631356516
547,3.0,Yes,No,No,0.0,0.0,0.0,0.0,24.0,3.031689463529685
548,3.0,Yes,No,No,5.0,4.0,2.0,0.0,7.0,3.095430580702219
549,2.0,Yes,No,No,2.0,4.0,0.0,0.0,15.0,2.0560809328341625
550,2.0,Yes,No,No,4.0,6.0,0.0,2.0,6.0,1.991176673573074
551,2.0,Yes,No,Yes,5.0,7.0,2.0,0.0,0.0,2.0224288125026173
552,3.0,Yes,No,No,4.0,0.0,7.0,0.0,11.0,2.911979020725875
553,4.0,Yes,No,No,10.0,8.0,6.0,2.0,6.0,4.018962460624013
554,2.0,Yes,Yes,Yes,3.0,3.0,1.0,0.0,12.0,1.908919639322522
555,5.0,Yes,Yes,No,8.0,7.0,2.0,1.0,14.0,5.018669453580646
556,2.0,Yes,No,No,3.0,3.0,0.0,3.0,11.0,2.020538154109112
557,7.0,Yes,No,No,10.0,10.0,8.0,10.0,26.0,6.938522224360364
558,3.0,Yes,Yes,No,10.0,2.0,7.0,8.0,7.0,2.99667902859776
559,3.0,No,Yes,Yes,9.0,6.0,8.0,5.0,18.0,3.0274648061419245
560,4.0,Yes,No,No,6.0,4.0,1.0,6.0,9.0,4.026838254873445
561,3.0,Yes,No,No,3.0,4.0,6.0,8.0,16.0,2.940083639743089
562,1.0,Yes,No,No,10.0,10.0,10.0,0.0,38.0,0.9723941500437978
563,7.0,Yes,No,No,4.0,8.0,8.0,4.0,27.0,6.975469758958618
564,1.0,No,No,No,3.0,0.0,0.0,0.0,28.0,0.9752161038286349
565,4.0,Yes,No,No,1.0,0.0,0.0,0.0,17.0,4.084159269242703
566,4.0,Yes,No,No,5.0,6.0,7.0,7.0,21.0,4.053707820864045
567,2.0,Yes,No,No,10.0,8.0,8.0,9.0,30.0,2.012913087459147
568,4.0,Yes,Yes,No,3.0,0.0,3.0,4.0,24.0,4.091712038647603
569,5.0,Yes,No,No,1.0,0.0,0.0,1.0,3.0,5.093190822024371
570,6.0,Yes,No,No,6.0,6.0,0.0,0.0,1.0,6.009632870434412
571,1.0,Yes,No,No,4.0,3.0,4.0,0.0,25.0,1.0802697299586557
572,1.0,No,No,No,6.0,4.0,0.0,0.0,11.0,0.9697779059499263
573,3.0,Yes,No,No,2.0,6.0,3.0,0.0,35.0,3.0179812636932404
574,1.0,Yes,No,No,8.0,3.0,3.0,3.0,10.0,1.0154357440227622
575,8.0,No,No,No,8.0,10.0,7.0,3.0,2.0,8.024387071238126
576,1.0,No,Yes,No,1.0,0.0,0.0,1.0,12.0,0.9679831451648033
577,8.0,Yes,Yes,Yes,8.0,6.0,6.0,8.0,11.0,7.947594688631624
578,1.0,Yes,No,No,6.0,3.0,1.0,7.0,10.0,1.0706458378123802
579,1.0,No,Yes,No,2.0,0.0,3.0,0.0,11.0,0.9760854862531624
580,10.0,Yes,Yes,Yes,0.0,0.0,0.0,0.0,17.0,10.006416207594201
581,10.0,Yes,Yes,Yes,10.0,10.0,6.0,6.0,28.0,9.960243095936852
582,5.0,Yes,No,No,3.0,0.0,0.0,1.0,2.0,4.984887201335161
583,10.0,Yes,No,No,7.0,9.0,10.0,0.0,28.0,10.097010310427878
584,2.0,Yes,Yes,No,8.0,7.0,6.0,2.0,17.0,2.0209497343965466
585,6.0,Yes,No,No,2.0,0.0,10.0,10.0,5.0,6.011209579289064
586,2.0,Yes,No,No,10.0,7.0,9.0,3.0,0.0,1.9153275839192974
587,3.0,Yes,No,No,6.0,0.0,0.0,0.0,32.0,2.9506370414823593
588,8.0,Yes,Yes,Yes,3.0,0.0,2.0,2.0,4.0,7.927180335992579
589,8.0,Yes,No,No,6.0,5.0,9.0,8.0,26.0,7.975209646322244
590,8.0,Yes,No,No,7.0,6.0,5.0,8.0,23.0,7.997668916293715
591,8.0,Yes,Yes,No,10.0,7.0,8.0,6.0,22.0,8.045157334617322
592,12.0,Yes,Yes,No,0.0,3.0,9.0,5.0,29.0,11.983267531236788
593,6.0,Yes,No,No,0.0,2.0,1.0,5.0,6.0,6.027735380913669
594,4.0,Yes,Yes,No,2.0,0.0,0.0,0.0,7.0,4.014271579664138
595,8.0,Yes,No,No,2.0,2.0,4.0,0.0,28.0,8.03923420726182
596,2.0,No,No,No,5.0,6.0,3.0,4.0,26.0,2.0272908221040695
597,1.0,No,No,No,0.0,0.0,1.0,0.0,31.0,1.0505967866186765
598,2.0,Yes,Yes,No,5.0,4.0,3.0,7.0,17.0,1.913528075368367
599,3.0,Yes,Yes,No,2.0,7.0,0.0,0.0,8.0,2.974938634022594
600,1.0,Yes,No,No,0.0,6.0,0.0,4.0,2.0,1.049558380543085
601,0.0,No,No,No,0.0,0.0,0.0,0.0,8.0,0.019275218558018198
602,2.0,Yes,Yes,Yes,7.0,5.0,1.0,3.0,18.0,1.9985458753983192
603,0.1,Yes,Yes,No,7.0,5.0,3.0,1.0,1.0,0.011182198704275809
604,2.0,Yes,No,No,3.0,3.0,1.0,8.0,19.0,2.0339691761290615
605,12.0,Yes,No,No,7.0,10.0,4.0,7.0,9.0,12.098641433148849
606,1.0,Yes,No,No,3.0,2.0,3.0,0.0,10.0,0.9780224110574902
607,1.0,Yes,No,No,5.0,1.0,1.0,9.0,0.0,1.0810310225313589
608,3.0,Yes,No,No,8.0,9.0,4.0,10.0,16.0,3.043861493946589
609,2.0,Yes,No,No,4.0,8.0,0.0,0.0,16.0,1.9257957072712135
610,2.0,Yes,No,No,7.0,9.0,7.0,0.0,15.0,1.9161879784481206
611,3.0,Yes,Yes,No,1.0,5.0,6.0,4.0,28.0,2.9091477852691376
612,1.0,No,No,No,3.0,2.0,1.0,0.0,8.0,1.0722140565150686
613,3.0,Yes,Yes,Yes,6.0,8.0,0.0,0.0,16.0,3.06890473613605
614,3.0,Yes,No,No,6.0,3.0,6.0,0.0,31.0,2.919409463189819
615,5.0,Yes,Yes,Yes,7.0,4.0,8.0,0.0,12.0,4.901894122799599
616,8.0,Yes,No,No,2.0,6.0,9.0,1.0,23.0,7.993384595552207
617,4.0,Yes,No,No,8.0,5.0,3.0,8.0,16.0,3.9196444475902097
618,5.0,Yes,No,Yes,3.0,3.0,0.0,0.0,6.0,5.0986350426611695
619,3.0,Yes,No,No,7.0,5.0,3.0,3.0,14.0,3.073666081730572
620,4.0,Yes,No,No,4.0,8.0,2.0,3.0,15.0,4.041727293231926
621,1.0,Yes,Yes,No,3.0,0.0,0.0,5.0,19.0,0.9388145080861868
622,4.0,Yes,No,No,10.0,7.0,3.0,2.0,18.0,4.033825695950643
623,1.0,No,No,No,10.0,4.0,8.0,0.0,24.0,1.0082982282446062
624,2.0,Yes,Yes,No,2.0,2.0,0.0,0.0,6.0,1.9757191289455502
625,6.0,Yes,No,No,8.0,7.0,7.0,3.0,18.0,6.036225764578425
626,2.0,No,No,No,10.0,5.0,2.0,8.0,17.0,1.9995255217583272
627,1.0,Yes,No,No,9.0,10.0,10.0,6.0,8.0,1.087551217057112
628,4.0,Yes,Yes,No,5.0,2.0,1.0,6.0,22.0,4.075546070635704
629,8.0,Yes,Yes,Yes,4.0,8.0,9.0,1.0,22.0,7.970613492117606
630,2.0,Yes,No,No,7.0,8.0,5.0,3.0,4.0,2.0595496072152617
631,2.0,Yes,No,No,2.0,2.0,0.0,3.0,25.0,2.0928576941024275
632,10.0,Yes,No,Yes,10.0,3.0,0.0,4.0,25.0,10.006128168270152
633,0.0,No,No,No,10.0,10.0,10.0,9.0,35.0,-0.03477344958462865
634,6.0,Yes,No,No,3.0,7.0,7.0,4.0,14.0,6.052480574558336
635,3.0,Yes,No,No,7.0,5.0,7.0,7.0,22.0,2.9655590057085495
636,2.0,Yes,No,No,7.0,4.0,8.0,8.0,23.0,1.9374568603269657
637,0.25,No,Yes,No,7.0,9.0,4.0,5.0,7.0,0.20525742997922464
638,4.0,Yes,No,No,4.0,7.0,1.0,3.0,17.0,4.038901823445903
639,2.0,No,No,No,5.0,9.0,9.0,6.0,39.0,1.9540094090490732
640,2.0,Yes,No,No,5.0,4.0,10.0,7.0,21.0,1.9269529995231807
641,3.0,Yes,No,No,7.0,2.0,0.0,1.0,26.0,2.9126852502034586
642,6.0,Yes,No,No,8.0,6.0,0.0,2.0,27.0,5.978483143023349
643,3.0,No,No,No,1.0,3.0,10.0,0.0,25.0,2.9324789374345976
644,2.0,Yes,No,No,8.0,10.0,10.0,2.0,15.0,2.074278161840208
645,5.0,Yes,Yes,No,4.0,7.0,6.0,0.0,29.0,4.990366882801355
646,4.0,No,No,No,9.0,6.0,3.0,0.0,26.0,3.9900905273890084
647,4.0,Yes,No,No,10.0,7.0,4.0,4.0,10.0,3.926869090130692
648,0.0,No,No,No,1.0,2.0,2.0,0.0,16.0,-0.019403783602778724
649,12.0,Yes,Yes,Yes,7.0,10.0,0.0,8.0,14.0,11.950781583821769
650,0.5,No,No,No,10.0,2.0,1.0,10.0,30.0,0.49575893250542513
651,1.0,Yes,No,No,2.0,1.0,2.0,2.0,17.0,1.0287979082138805
652,3.0,Yes,No,No,3.0,10.0,0.0,0.0,18.0,3.0319991197840905
653,12.0,No,No,No,7.0,10.0,2.0,0.0,25.0,11.908703857186845
654,4.0,Yes,Yes,Yes,4.0,2.0,0.0,0.0,5.0,3.9560703151462437
655,3.0,Yes,No,No,4.0,2.0,5.0,3.0,25.0,3.0167176510706373
656,1.0,Yes,No,No,6.0,8.0,7.0,0.0,23.0,0.9044534593093003
657,4.0,No,No,No,8.0,6.0,4.0,0.0,7.0,4.055827882940729
658,2.0,Yes,Yes,Yes,2.0,2.0,0.0,0.0,13.0,1.9233522044065923
659,3.0,Yes,No,No,8.0,7.0,9.0,3.0,19.0,2.9098814004582896
660,3.0,Yes,Yes,No,4.0,3.0,5.0,0.0,6.0,2.9582742546552536
661,1.0,Yes,No,No,6.0,1.0,0.0,4.0,14.0,1.0650823635316118
662,2.0,Yes,No,No,6.0,6.0,3.0,6.0,21.0,2.0204246220471016
663,1.0,Yes,No,No,8.0,7.0,1.0,1.0,18.0,1.042677486419648
664,0.5,Yes,No,No,5.0,3.0,4.0,1.0,4.0,0.4883289632055155
665,2.0,Yes,No,No,6.0,2.0,4.0,3.0,27.0,2.0484243996272293
666,11.0,Yes,Yes,Yes,5.0,6.0,6.0,0.0,12.0,10.919187159302439
667,10.0,Yes,Yes,Yes,6.0,10.0,8.0,1.0,11.0,9.993197372048728
668,5.0,Yes,Yes,No,7.0,3.0,9.0,7.0,21.0,5.005328463371517
669,1.5,Yes,Yes,No,4.0,6.0,0.0,0.0,17.0,1.5574780213969752
670,2.0,Yes,No,No,9.0,4.0,0.0,1.0,13.0,1.9430510259250202
671,3.0,No,No,No,9.0,7.0,7.0,5.0,15.0,2.90917354637396
672,2.0,No,No,Yes,5.0,10.0,2.0,7.0,17.0,1.9577125202894694
673,3.0,Yes,No,No,1.0,0.0,1.0,0.0,25.0,3.051328281316995
674,4.0,No,No,No,8.0,7.0,2.0,6.0,26.0,4.0274711040052
675,1.0,No,No,No,5.0,1.0,4.0,0.0,10.0,0.9816325848597489
676,5.0,Yes,Yes,No,10.0,6.0,0.0,0.0,14.0,5.045770117403304
677,2.0,Yes,No,No,7.0,5.0,5.0,5.0,28.0,1.956909239547957
678,7.0,Yes,No,No,3.0,1.0,0.0,3.0,24.0,6.975321124353135
679,2.0,Yes,No,No,5.0,8.0,7.0,4.0,2.0,2.009100269583358
680,1.0,Yes,No,No,2.0,0.0,0.0,5.0,23.0,1.0345175736556524
681,1.0,No,Yes,No,7.0,0.0,0.0,0.0,10.0,1.0766642289974617
682,4.0,Yes,No,No,8.0,0.0,0.0,2.0,16.0,3.9528115268798003
683,6.0,Yes,No,No,4.0,1.0,1.0,0.0,22.0,6.0044677499255705
684,3.0,Yes,No,No,3.0,8.0,0.0,2.0,7.0,3.019667248586851
685,4.0,Yes,No,No,7.0,0.0,2.0,2.0,24.0,3.9928994339155133
686,4.0,Yes,No,No,10.0,8.0,10.0,0.0,7.0,4.071647572998177
687,1.0,Yes,Yes,Yes,7.0,1.0,1.0,1.0,7.0,1.0134788646357118
688,2.0,Yes,Yes,No,5.0,9.0,1.0,7.0,10.0,2.0397346834997565
689,24.0,Yes,Yes,Yes,0.0,0.0,0.0,0.0,6.0,24.08138739595932
690,5.0,Yes,Yes,Yes,10.0,6.0,3.0,8.0,13.0,5.099146482906156
691,3.0,No,Yes,No,7.0,3.5,3.5,5.5,11.0,2.913845041903952
692,4.0,Yes,Yes,Yes,2.0,0.0,0.0,2.0,28.0,3.958866154515506
693,9.0,Yes,No,No,10.0,10.0,10.0,8.0,10.0,8.99022401490138
694,1.0,Yes,No,No,8.0,9.0,6.0,5.0,22.0,1.0894095215968367
695,1.0,Yes,Yes,No,9.0,7.0,8.0,4.0,0.0,0.9188801673869632
696,2.0,Yes,No,No,6.0,4.0,5.0,0.0,27.0,1.9857177378154933
697,1.5,No,No,No,8.0,5.0,9.0,4.0,19.5,1.5296495087026525
698,2.0,Yes,Yes,No,3.0,7.0,0.0,0.0,4.0,2.01561727745969
699,4.0,Yes,Yes,No,9.0,1.0,0.0,9.0,38.0,4.099393564681171
700,1.0,Yes,Yes,No,8.0,6.0,1.0,4.0,28.0,1.0841104388218044
701,1.0,No,No,No,4.0,1.0,1.0,6.0,28.0,1.0455773415870784
702,3.0,Yes,No,No,6.0,5.0,3.0,1.0,15.0,2.9168251598495303
703,4.0,Yes,Yes,Yes,7.0,8.0,6.0,5.0,26.0,3.9146803187186565
704,8.0,Yes,Yes,Yes,8.0,9.0,5.0,10.0,10.0,7.9205832141099
705,5.0,Yes,No,No,8.0,6.0,7.0,0.0,19.0,4.980676325494704
706,3.0,Yes,No,No,10.0,5.0,2.0,0.0,19.0,3.0002722807733324
707,8.0,Yes,No,No,5.0,2.0,4.0,7.0,12.0,7.931429282531319
708,1.0,No,No,No,9.0,3.0,2.0,0.0,15.0,0.9328483708714421
709,4.0,Yes,Yes,Yes,4.0,6.0,3.0,4.0,26.0,4.005884703001888
710,1.0,No,No,No,9.0,8.0,4.0,0.0,32.0,1.077171902742332
711,2.0,No,No,No,5.0,7.0,10.0,2.0,21.0,1.914913216012424
712,1.0,Yes,Yes,No,8.0,3.0,9.0,2.0,17.0,0.9728171780484567
713,3.0,Yes,No,No,10.0,10.0,6.0,8.0,18.0,2.96189006435674
714,5.0,Yes,No,No,7.0,7.0,5.0,5.0,14.0,4.9597456618648845
715,5.0,Yes,Yes,No,10.0,8.0,1.0,0.0,17.0,5.0517783248834185
716,4.0,Yes,No,No,8.0,6.0,2.0,0.0,21.0,3.961541577203299
717,6.0,Yes,No,No,10.0,7.0,6.0,10.0,24.0,5.952821013687663
718,6.0,Yes,No,No,6.0,6.0,8.0,0.0,22.0,5.998746495154713
719,1.0,Yes,No,No,10.0,10.0,8.0,4.0,34.0,0.9053305730252295
720,18.0,Yes,No,No,9.0,8.0,5.0,10.0,24.0,18.028051688000946
721,1.0,Yes,No,No,0.0,0.0,0.0,0.0,19.0,1.0442704663845255
722,7.0,Yes,Yes,No,7.0,3.0,1.0,2.0,16.0,7.0248814077490485
723,0.5,No,No,No,6.0,2.0,2.0,0.0,33.0,0.5761657279419989
724,2.0,Yes,No,No,7.0,6.0,4.0,6.0,20.0,1.925884700237406
725,2.0,Yes,Yes,No,7.0,6.0,0.0,9.0,32.0,2.0913963888614235
726,1.0,Yes,Yes,No,3.0,2.0,2.0,5.0,32.0,0.9214200282897178
727,6.0,Yes,No,Yes,2.0,2.0,2.0,2.0,0.0,6.021202597794178
728,5.0,Yes,Yes,No,2.0,3.0,2.0,1.0,13.0,5.085651257411707
729,2.0,Yes,No,No,2.0,2.0,2.0,5.0,10.0,1.977776418827327
